MeasuredPoint,time,samplerate
-0.027130127,0.0,1000
0.019226074,0.0010085728693898135,1000
0.06793213,0.002017145738779627,1000
0.010894775,0.0030257186081694403,1000
-0.006958008,0.004034291477559254,1000
0.024383545,0.005042864346949068,1000
-0.03933716,0.006051437216338881,1000
-0.06329346,0.007060010085728694,1000
0.0132751465,0.008068582955118508,1000
0.035827637,0.009077155824508321,1000
0.04196167,0.010085728693898136,1000
0.0071105957,0.011094301563287948,1000
0.014038086,0.012102874432677761,1000
-0.03677368,0.013111447302067576,1000
-0.05706787,0.014120020171457389,1000
-0.008392334,0.015128593040847203,1000
0.036224365,0.016137165910237016,1000
0.04333496,0.01714573877962683,1000
0.00592041,0.018154311649016642,1000
-0.0018310547,0.019162884518406458,1000
-0.042663574,0.02017145738779627,1000
-0.037109375,0.021180030257186084,1000
-0.03552246,0.022188603126575897,1000
0.007751465,0.02319717599596571,1000
0.057037354,0.024205748865355523,1000
0.04449463,0.02521432173474534,1000
0.010070801,0.02622289460413515,1000
-0.06161499,0.027231467473524965,1000
-0.013336182,0.028240040342914777,1000
-0.021484375,0.02924861321230459,1000
-0.013092041,0.030257186081694407,1000
0.048797607,0.031265758951084216,1000
0.068847656,0.03227433182047403,1000
0.027618408,0.03328290468986385,1000
-0.0687561,0.03429147755925366,1000
-0.010437012,0.035300050428643474,1000
-0.009094238,0.036308623298033284,1000
-0.05105591,0.0373171961674231,1000
0.02557373,0.038325769036812916,1000
0.08425903,0.039334341906202726,1000
0.052459717,0.04034291477559254,1000
-0.07247925,0.04135148764498235,1000
-0.034057617,0.04236006051437217,1000
0.012268066,0.043368633383761984,1000
-0.056518555,0.044377206253151794,1000
-0.040649414,0.04538577912254161,1000
0.08255005,0.04639435199193142,1000
0.10900879,0.047402924861321236,1000
-0.040039062,0.048411497730711045,1000
-0.08163452,0.04942007060010086,1000
0.015899658,0.05042864346949068,1000
-0.008270264,0.05143721633888049,1000
-0.08383179,0.0524457892082703,1000
0.038848877,0.05345436207766011,1000
0.14492798,0.05446293494704993,1000
0.01550293,0.055471507816439745,1000
-0.08358765,0.056480080685829555,1000
-0.023468018,0.05748865355521937,1000
0.030761719,0.05849722642460918,1000
-0.07650757,0.059505799293999,1000
-0.070251465,0.06051437216338881,1000
0.122283936,0.06152294503277862,1000
0.09613037,0.06253151790216843,1000
-0.05001831,0.06354009077155826,1000
-0.07562256,0.06454866364094806,1000
0.015472412,0.06555723651033787,1000
0.017211914,0.0665658093797277,1000
-0.09777832,0.0675743822491175,1000
-0.0048217773,0.06858295511850732,1000
0.14654541,0.06959152798789713,1000
0.06704712,0.07060010085728695,1000
-0.075683594,0.07160867372667676,1000
-0.045959473,0.07261724659606657,1000
0.026306152,0.07362581946545639,1000
-0.0013122559,0.0746343923348462,1000
-0.08294678,0.07564296520423601,1000
0.0076293945,0.07665153807362583,1000
0.12896729,0.07766011094301564,1000
0.022277832,0.07866868381240545,1000
-0.067474365,0.07967725668179526,1000
-0.030700684,0.08068582955118508,1000
0.011444092,0.0816944024205749,1000
-0.016815186,0.0827029752899647,1000
-0.059906006,0.08371154815935453,1000
-0.002532959,0.08472012102874434,1000
0.09259033,0.08572869389813415,1000
0.01739502,0.08673726676752397,1000
-0.041900635,0.08774583963691378,1000
-0.02319336,0.08875441250630359,1000
0.007843018,0.0897629853756934,1000
-0.0048217773,0.09077155824508322,1000
-0.012390137,0.09178013111447303,1000
-0.035308838,0.09278870398386284,1000
0.06213379,0.09379727685325266,1000
0.05517578,0.09480584972264247,1000
-0.023284912,0.09581442259203228,1000
-0.019378662,0.09682299546142209,1000
0.004272461,0.09783156833081191,1000
0.015930176,0.09884014120020172,1000
-0.012207031,0.09984871406959153,1000
-0.037475586,0.10085728693898136,1000
-0.006439209,0.10186585980837116,1000
0.058532715,0.10287443267776097,1000
-0.015960693,0.1038830055471508,1000
-0.013580322,0.1048915784165406,1000
0.017456055,0.10590015128593042,1000
-0.021087646,0.10690872415532023,1000
0.006134033,0.10791729702471005,1000
-0.03137207,0.10892586989409986,1000
0.02835083,0.10993444276348967,1000
-0.01449585,0.11094301563287949,1000
-0.008575439,0.1119515885022693,1000
0.0154418945,0.11296016137165911,1000
0.05795288,0.11396873424104893,1000
-0.005004883,0.11497730711043874,1000
-0.019805908,0.11598587997982855,1000
-0.0064697266,0.11699445284921836,1000
-0.0046691895,0.11800302571860818,1000
0.022705078,0.119011598587998,1000
-0.057434082,0.1200201714573878,1000
-0.026641846,0.12102874432677763,1000
0.048858643,0.12203731719616744,1000
0.046020508,0.12304589006555725,1000
-0.0046691895,0.12405446293494707,1000
-0.039733887,0.12506303580433686,1000
-0.0012512207,0.1260716086737267,1000
-0.0072021484,0.1270801815431165,1000
0.0015563965,0.1280887544125063,1000
-0.017364502,0.12909732728189613,1000
-0.030822754,0.13010590015128595,1000
0.004333496,0.13111447302067575,1000
0.05697632,0.13212304589006557,1000
0.024780273,0.1331316187594554,1000
-0.030822754,0.1341401916288452,1000
-0.006011963,0.135148764498235,1000
-0.009490967,0.13615733736762484,1000
0.020874023,0.13716591023701463,1000
-0.0105896,0.13817448310640446,1000
-0.017456055,0.13918305597579425,1000
-0.010955811,0.14019162884518407,1000
0.0013427734,0.1412002017145739,1000
0.04333496,0.1422087745839637,1000
-0.00592041,0.14321734745335352,1000
0.0035095215,0.14422592032274334,1000
-0.01171875,0.14523449319213314,1000
-0.033416748,0.14624306606152296,1000
0.0026245117,0.14725163893091278,1000
0.031311035,0.14826021180030258,1000
0.03515625,0.1492687846696924,1000
-0.039764404,0.15027735753908222,1000
-0.058135986,0.15128593040847202,1000
0.016662598,0.15229450327786184,1000
0.077056885,0.15330307614725167,1000
-0.02368164,0.15431164901664146,1000
-0.014129639,0.15532022188603128,1000
-0.036254883,0.1563287947554211,1000
0.07171631,0.1573373676248109,1000
0.019592285,0.15834594049420073,1000
-0.0031738281,0.15935451336359052,1000
-0.05770874,0.16036308623298035,1000
-0.054473877,0.16137165910237017,1000
0.026885986,0.16238023197175996,1000
-0.0009765625,0.1633888048411498,1000
0.086364746,0.1643973777105396,1000
-0.08874512,0.1654059505799294,1000
0.044769287,0.16641452344931923,1000
-0.01272583,0.16742309631870905,1000
0.012878418,0.16843166918809885,1000
0.059417725,0.16944024205748867,1000
-0.1027832,0.1704488149268785,1000
0.01449585,0.1714573877962683,1000
-0.040161133,0.1724659606656581,1000
0.008575439,0.17347453353504794,1000
0.12075806,0.17448310640443773,1000
-0.07849121,0.17549167927382756,1000
0.09542847,0.17650025214321735,1000
-0.054595947,0.17750882501260717,1000
-0.019012451,0.178517397881997,1000
0.09799194,0.1795259707513868,1000
-0.12640381,0.18053454362077662,1000
0.07333374,0.18154311649016644,1000
-0.08004761,0.18255168935955624,1000
-0.023986816,0.18356026222894606,1000
0.06530762,0.18456883509833588,1000
-0.087005615,0.18557740796772568,1000
0.14004517,0.1865859808371155,1000
-0.06713867,0.18759455370650532,1000
-0.0390625,0.18860312657589512,1000
0.08630371,0.18961169944528494,1000
-0.114593506,0.19062027231467477,1000
0.13217163,0.19162884518406456,1000
-0.084106445,0.19263741805345438,1000
-0.0725708,0.19364599092284418,1000
0.1302185,0.194654563792234,1000
-0.1437378,0.19566313666162383,1000
0.15383911,0.19667170953101362,1000
0.019744873,0.19768028240040345,1000
-0.09576416,0.19868885526979327,1000
0.12423706,0.19969742813918306,1000
-0.15872192,0.2007060010085729,1000
0.081207275,0.2017145738779627,1000
0.07437134,0.2027231467473525,1000
-0.18624878,0.20373171961674233,1000
0.13272095,0.20474029248613215,1000
-0.07531738,0.20574886535552195,1000
-0.05960083,0.20675743822491177,1000
0.18325806,0.2077660110943016,1000
-0.123413086,0.2087745839636914,1000
0.06661987,0.2097831568330812,1000
0.013427734,0.21079172970247104,1000
-0.14285278,0.21180030257186083,1000
0.18063354,0.21280887544125066,1000
-0.030212402,0.21381744831064045,1000
-0.101257324,0.21482602118003027,1000
0.12942505,0.2158345940494201,1000
-0.12545776,0.2168431669188099,1000
-0.010986328,0.21785173978819972,1000
0.13919067,0.21886031265758954,1000
-0.10534668,0.21986888552697934,1000
0.07827759,0.22087745839636916,1000
0.0055236816,0.22188603126575898,1000
-0.14614868,0.22289460413514878,1000
0.1574707,0.2239031770045386,1000
-0.026550293,0.22491174987392842,1000
-0.116363525,0.22592032274331822,1000
0.12536621,0.22692889561270804,1000
-0.09851074,0.22793746848209787,1000
-0.057800293,0.22894604135148766,1000
0.14978027,0.22995461422087748,1000
-0.064453125,0.23096318709026728,1000
0.025238037,0.2319717599596571,1000
0.07925415,0.23298033282904693,1000
-0.16131592,0.23398890569843672,1000
0.07144165,0.23499747856782655,1000
0.097229004,0.23600605143721637,1000
-0.1512146,0.23701462430660616,1000
0.07733154,0.238023197175996,1000
0.041046143,0.2390317700453858,1000
-0.15539551,0.2400403429147756,1000
0.09423828,0.24104891578416543,1000
0.084991455,0.24205748865355525,1000
-0.08569336,0.24306606152294505,1000
0.05432129,0.24407463439233487,1000
-0.0067749023,0.2450832072617247,1000
-0.10470581,0.2460917801311145,1000
0.088134766,0.2471003530005043,1000
0.032989502,0.24810892586989414,1000
-0.15698242,0.24911749873928393,1000
0.08578491,0.25012607160867373,1000
0.035095215,0.25113464447806355,1000
-0.18450928,0.2521432173474534,1000
0.15438843,0.2531517902168432,1000
0.0869751,0.254160363086233,1000
-0.16583252,0.25516893595562284,1000
0.091552734,0.2561775088250126,1000
0.057769775,0.25718608169440244,1000
-0.13500977,0.25819465456379226,1000
0.087127686,0.2592032274331821,1000
0.0743103,0.2602118003025719,1000
-0.14300537,0.2612203731719617,1000
0.022125244,0.2622289460413515,1000
0.069610596,0.2632375189107413,1000
-0.089782715,0.26424609178013114,1000
0.009857178,0.26525466464952097,1000
0.11538696,0.2662632375189108,1000
-0.04876709,0.26727181038830056,1000
-0.10183716,0.2682803832576904,1000
0.0798645,0.2692889561270802,1000
0.07211304,0.27029752899647,1000
-0.12045288,0.27130610186585985,1000
-0.015930176,0.2723146747352497,1000
0.14709473,0.27332324760463944,1000
-0.11105347,0.27433182047402926,1000
-0.09967041,0.2753403933434191,1000
0.17477417,0.2763489662128089,1000
0.012817383,0.27735753908219873,1000
-0.12408447,0.2783661119515885,1000
0.06903076,0.2793746848209783,1000
0.095062256,0.28038325769036815,1000
-0.103759766,0.28139183055975797,1000
-0.05178833,0.2824004034291478,1000
0.15969849,0.2834089762985376,1000
-0.024383545,0.2844175491679274,1000
-0.18908691,0.2854261220373172,1000
0.03201294,0.28643469490670703,1000
0.14144897,0.28744326777609686,1000
-0.088531494,0.2884518406454867,1000
-0.10757446,0.2894604135148765,1000
0.14199829,0.29046898638426627,1000
0.078063965,0.2914775592536561,1000
-0.16595459,0.2924861321230459,1000
-0.031799316,0.29349470499243574,1000
0.18191528,0.29450327786182556,1000
0.010681152,0.29551185073121533,1000
-0.19107056,0.29652042360060515,1000
0.010253906,0.297528996469995,1000
0.15628052,0.2985375693393848,1000
-0.00491333,0.2995461422087746,1000
-0.16085815,0.30055471507816445,1000
0.07675171,0.3015632879475542,1000
0.14782715,0.30257186081694404,1000
-0.0184021,0.30358043368633386,1000
-0.19509888,0.3045890065557237,1000
0.092437744,0.3055975794251135,1000
0.14898682,0.30660615229450333,1000
-0.045135498,0.3076147251638931,1000
-0.21548462,0.3086232980332829,1000
0.08227539,0.30963187090267275,1000
0.09875488,0.31064044377206257,1000
-0.05432129,0.3116490166414524,1000
-0.10845947,0.3126575895108422,1000
0.122680664,0.313666162380232,1000
0.035980225,0.3146747352496218,1000
-0.05593872,0.31568330811901163,1000
0.0031433105,0.31669188098840145,1000
-0.042053223,0.3177004538577913,1000
0.0637207,0.31870902672718104,1000
0.021148682,0.31971759959657087,1000
0.023162842,0.3207261724659607,1000
-0.19476318,0.3217347453353505,1000
0.15341187,0.32274331820474034,1000
-0.001739502,0.32375189107413016,1000
0.06524658,0.32476046394351993,1000
-0.15161133,0.32576903681290975,1000
0.04360962,0.3267776096822996,1000
0.010101318,0.3277861825516894,1000
0.07434082,0.3287947554210792,1000
-0.05078125,0.32980332829046904,1000
-0.14105225,0.3308119011598588,1000
0.13378906,0.33182047402924864,1000
-0.032073975,0.33282904689863846,1000
0.07357788,0.3338376197680283,1000
-0.18911743,0.3348461926374181,1000
0.087005615,0.3358547655068079,1000
0.039855957,0.3368633383761977,1000
0.036193848,0.3378719112455875,1000
-0.04425049,0.33888048411497734,1000
-0.08135986,0.33988905698436717,1000
0.13674927,0.340897629853757,1000
-0.069885254,0.34190620272314676,1000
0.09939575,0.3429147755925366,1000
-0.10067749,0.3439233484619264,1000
-0.011962891,0.3449319213313162,1000
0.032928467,0.34594049420070605,1000
0.0010070801,0.3469490670700959,1000
0.09890747,0.34795763993948564,1000
-0.19515991,0.34896621280887546,1000
0.048736572,0.3499747856782653,1000
0.06692505,0.3509833585476551,1000
0.05734253,0.35199193141704493,1000
-0.04333496,0.3530005042864347,1000
-0.15719604,0.3540090771558245,1000
0.143219,0.35501765002521435,1000
-0.024932861,0.35602622289460417,1000
0.050109863,0.357034795763994,1000
0.00024414062,0.3580433686333838,1000
-0.13497925,0.3590519415027736,1000
0.07885742,0.3600605143721634,1000
-0.06011963,0.36106908724155323,1000
0.13653564,0.36207766011094306,1000
-0.043548584,0.3630862329803329,1000
-0.13479614,0.3640948058497227,1000
0.14996338,0.36510337871911247,1000
-0.07836914,0.3661119515885023,1000
0.1416626,0.3671205244578921,1000
-0.09802246,0.36812909732728194,1000
-0.12960815,0.36913767019667176,1000
0.18383789,0.37014624306606153,1000
-0.09146118,0.37115481593545135,1000
0.15893555,0.3721633888048412,1000
-0.12094116,0.373171961674231,1000
-0.15710449,0.3741805345436208,1000
0.17160034,0.37518910741301065,1000
-0.0821228,0.3761976802824004,1000
0.16894531,0.37720625315179024,1000
-0.09085083,0.37821482602118006,1000
-0.17700195,0.3792233988905699,1000
0.22116089,0.3802319717599597,1000
-0.086120605,0.38124054462934953,1000
0.16113281,0.3822491174987393,1000
-0.060943604,0.3832576903681291,1000
-0.24761963,0.38426626323751895,1000
0.21121216,0.38527483610690877,1000
-0.056274414,0.3862834089762986,1000
0.07366943,0.38729198184568836,1000
0.016906738,0.3883005547150782,1000
-0.23342896,0.389309127584468,1000
0.14379883,0.39031770045385783,1000
0.005584717,0.39132627332324765,1000
-0.027801514,0.3923348461926375,1000
0.15390015,0.39334341906202724,1000
-0.20925903,0.39435199193141707,1000
0.0051574707,0.3953605648008069,1000
0.07699585,0.3963691376701967,1000
-0.06088257,0.39737771053958654,1000
0.20889282,0.39838628340897636,1000
-0.16906738,0.39939485627836613,1000
-0.1138916,0.40040342914775595,1000
0.15148926,0.4014120020171458,1000
-0.022644043,0.4024205748865356,1000
0.10620117,0.4034291477559254,1000
-0.0132751465,0.40443772062531524,1000
-0.2121582,0.405446293494705,1000
0.11618042,0.40645486636409484,1000
0.06915283,0.40746343923348466,1000
-0.047943115,0.4084720121028745,1000
0.111846924,0.4094805849722643,1000
-0.1956482,0.4104891578416541,1000
-0.009918213,0.4114977307110439,1000
0.14758301,0.4125063035804337,1000
-0.09881592,0.41351487644982354,1000
0.10211182,0.41452344931921337,1000
-0.031066895,0.4155320221886032,1000
-0.10925293,0.41654059505799296,1000
0.1227417,0.4175491679273828,1000
-0.039855957,0.4185577407967726,1000
-0.026428223,0.4195663136661624,1000
0.10958862,0.42057488653555225,1000
-0.10681152,0.4215834594049421,1000
-0.031555176,0.42259203227433184,1000
0.09500122,0.42360060514372166,1000
-0.054626465,0.4246091780131115,1000
0.11126709,0.4256177508825013,1000
-0.007019043,0.42662632375189113,1000
-0.16653442,0.4276348966212809,1000
0.078430176,0.4286434694906707,1000
-0.012145996,0.42965204236006055,1000
-0.014709473,0.43066061522945037,1000
0.1005249,0.4316691880988402,1000
-0.16674805,0.43267776096823,1000
-0.0146484375,0.4336863338376198,1000
0.1430664,0.4346949067070096,1000
-0.050811768,0.43570347957639943,1000
0.08178711,0.43671205244578926,1000
-0.0005187988,0.4377206253151791,1000
-0.10681152,0.4387291981845689,1000
0.047698975,0.43973777105395867,1000
0.016998291,0.4407463439233485,1000
-0.06674194,0.4417549167927383,1000
0.04788208,0.44276348966212814,1000
0.022888184,0.44377206253151796,1000
-0.055358887,0.44478063540090773,1000
0.06362915,0.44578920827029755,1000
-0.031433105,0.4467977811396874,1000
0.013366699,0.4478063540090772,1000
0.040008545,0.448814926878467,1000
-0.08984375,0.44982349974785685,1000
-0.06991577,0.4508320726172466,1000
0.061187744,0.45184064548663644,1000
0.0078125,0.45284921835602626,1000
0.034423828,0.4538577912254161,1000
0.07632446,0.4548663640948059,1000
-0.12588501,0.45587493696419573,1000
0.017700195,0.4568835098335855,1000
0.009277344,0.4578920827029753,1000
-0.015289307,0.45890065557236515,1000
0.038269043,0.45990922844175497,1000
0.0014953613,0.4609178013111448,1000
-0.042297363,0.46192637418053456,1000
0.051086426,0.4629349470499244,1000
0.06625366,0.4639435199193142,1000
-0.10266113,0.46495209278870403,1000
0.11679077,0.46596066565809385,1000
-0.05218506,0.4669692385274837,1000
-0.09295654,0.46797781139687344,1000
0.055603027,0.46898638426626327,1000
-0.042938232,0.4699949571356531,1000
0.034057617,0.4710035300050429,1000
0.117492676,0.47201210287443274,1000
-0.07611084,0.47302067574382256,1000
-0.10119629,0.47402924861321233,1000
0.09277344,0.47503782148260215,1000
-0.109375,0.476046394351992,1000
0.055389404,0.4770549672213818,1000
0.07434082,0.4780635400907716,1000
-0.11782837,0.47907211296016144,1000
0.066467285,0.4800806858295512,1000
0.043426514,0.48108925869894104,1000
-0.069885254,0.48209783156833086,1000
0.07736206,0.4831064044377207,1000
0.028320312,0.4841149773071105,1000
-0.13153076,0.4851235501765003,1000
0.04019165,0.4861321230458901,1000
-0.035186768,0.4871406959152799,1000
-0.00390625,0.48814926878466974,1000
0.17645264,0.48915784165405957,1000
-0.031677246,0.4901664145234494,1000
-0.11602783,0.49117498739283916,1000
0.032348633,0.492183560262229,1000
-0.04168701,0.4931921331316188,1000
0.009216309,0.4942007060010086,1000
0.06600952,0.49520927887039845,1000
-0.101867676,0.4962178517397883,1000
-0.012481689,0.49722642460917804,1000
0.11022949,0.49823499747856786,1000
-0.018707275,0.4992435703479577,1000
0.026397705,0.5002521432173475,1000
0.057617188,0.5012607160867373,1000
-0.10751343,0.5022692889561271,1000
-0.023345947,0.5032778618255169,1000
0.002746582,0.5042864346949067,1000
-0.020629883,0.5052950075642966,1000
0.111083984,0.5063035804336864,1000
0.093048096,0.5073121533030762,1000
-0.12408447,0.508320726172466,1000
-0.037017822,0.5093292990418559,1000
0.009216309,0.5103378719112457,1000
-0.068878174,0.5113464447806354,1000
0.069885254,0.5123550176500252,1000
0.022033691,0.513363590519415,1000
-0.08859253,0.5143721633888049,1000
0.034118652,0.5153807362581947,1000
0.057922363,0.5163893091275845,1000
-0.054229736,0.5173978819969743,1000
0.087249756,0.5184064548663642,1000
-0.0072021484,0.519415027735754,1000
-0.14816284,0.5204236006051438,1000
0.012939453,0.5214321734745336,1000
0.037475586,0.5224407463439233,1000
0.014343262,0.5234493192133132,1000
0.13671875,0.524457892082703,1000
0.015563965,0.5254664649520928,1000
-0.14898682,0.5264750378214826,1000
0.027038574,0.5274836106908725,1000
-0.033966064,0.5284921835602623,1000
-0.05517578,0.5295007564296521,1000
0.14984131,0.5305093292990419,1000
-0.008148193,0.5315179021684318,1000
-0.1026001,0.5325264750378216,1000
0.06765747,0.5335350479072114,1000
-0.022491455,0.5345436207766011,1000
-0.0138549805,0.5355521936459909,1000
0.085998535,0.5365607665153808,1000
-0.10446167,0.5375693393847706,1000
-0.053100586,0.5385779122541604,1000
0.09439087,0.5395864851235502,1000
-0.027770996,0.54059505799294,1000
0.02267456,0.5416036308623299,1000
0.112457275,0.5426122037317197,1000
-0.04156494,0.5436207766011095,1000
-0.095703125,0.5446293494704993,1000
-0.035247803,0.5456379223398891,1000
-0.023590088,0.5466464952092789,1000
0.102508545,0.5476550680786687,1000
0.08013916,0.5486636409480585,1000
-0.054138184,0.5496722138174484,1000
-0.06573486,0.5506807866868382,1000
0.026245117,0.551689359556228,1000
-0.0045776367,0.5526979324256178,1000
-0.047027588,0.5537065052950076,1000
0.034118652,0.5547150781643975,1000
0.01953125,0.5557236510337873,1000
-0.06832886,0.556732223903177,1000
0.02822876,0.5577407967725668,1000
0.01071167,0.5587493696419567,1000
0.009429932,0.5597579425113465,1000
0.09075928,0.5607665153807363,1000
-0.045562744,0.5617750882501261,1000
-0.14785767,0.5627836611195159,1000
0.07891846,0.5637922339889058,1000
0.04019165,0.5648008068582956,1000
-0.0007324219,0.5658093797276854,1000
0.10119629,0.5668179525970752,1000
-0.040802002,0.5678265254664651,1000
-0.08325195,0.5688350983358548,1000
0.04147339,0.5698436712052446,1000
-0.06716919,0.5708522440746344,1000
-0.01626587,0.5718608169440242,1000
0.11727905,0.5728693898134141,1000
-0.039642334,0.5738779626828039,1000
-0.07736206,0.5748865355521937,1000
0.08276367,0.5758951084215835,1000
-0.05114746,0.5769036812909734,1000
0.031036377,0.5779122541603632,1000
0.038848877,0.578920827029753,1000
-0.057159424,0.5799293998991427,1000
-0.07321167,0.5809379727685325,1000
0.07217407,0.5819465456379224,1000
-0.032928467,0.5829551185073122,1000
0.048034668,0.583963691376702,1000
0.11300659,0.5849722642460918,1000
-0.050933838,0.5859808371154817,1000
-0.07513428,0.5869894099848715,1000
0.005859375,0.5879979828542613,1000
-0.0035095215,0.5890065557236511,1000
-0.0067749023,0.590015128593041,1000
0.086639404,0.5910237014624307,1000
-0.075286865,0.5920322743318205,1000
0.0073242188,0.5930408472012103,1000
0.067230225,0.5940494200706001,1000
-0.0819397,0.59505799293999,1000
0.003326416,0.5960665658093798,1000
0.04837036,0.5970751386787696,1000
-0.037475586,0.5980837115481594,1000
-0.09988403,0.5990922844175492,1000
0.0262146,0.6001008572869391,1000
0.02432251,0.6011094301563289,1000
0.08847046,0.6021180030257187,1000
0.0758667,0.6031265758951084,1000
-0.11453247,0.6041351487644983,1000
-0.03503418,0.6051437216338881,1000
0.024505615,0.6061522945032779,1000
-0.007843018,0.6071608673726677,1000
0.00079345703,0.6081694402420575,1000
0.046783447,0.6091780131114474,1000
-0.01763916,0.6101865859808372,1000
0.026153564,0.611195158850227,1000
0.046295166,0.6122037317196168,1000
-0.09710693,0.6132123045890067,1000
0.039031982,0.6142208774583964,1000
0.037384033,0.6152294503277862,1000
-0.036499023,0.616238023197176,1000
-0.08413696,0.6172465960665658,1000
-0.005126953,0.6182551689359557,1000
0.012390137,0.6192637418053455,1000
0.07022095,0.6202723146747353,1000
0.097229004,0.6212808875441251,1000
-0.09811401,0.622289460413515,1000
-0.05328369,0.6232980332829048,1000
0.019470215,0.6243066061522946,1000
-0.023986816,0.6253151790216844,1000
0.058563232,0.6263237518910741,1000
0.05029297,0.627332324760464,1000
-0.060943604,0.6283408976298538,1000
-0.041625977,0.6293494704992436,1000
0.09439087,0.6303580433686334,1000
-0.019958496,0.6313666162380233,1000
0.03024292,0.6323751891074131,1000
0.00045776367,0.6333837619768029,1000
-0.08294678,0.6343923348461927,1000
-0.008422852,0.6354009077155826,1000
0.036865234,0.6364094805849724,1000
-0.030426025,0.6374180534543621,1000
-0.028717041,0.6384266263237519,1000
0.07312012,0.6394351991931417,1000
-0.016784668,0.6404437720625316,1000
-0.0054626465,0.6414523449319214,1000
0.01361084,0.6424609178013112,1000
-0.08932495,0.643469490670701,1000
0.059570312,0.6444780635400909,1000
0.09576416,0.6454866364094807,1000
3.0517578e-05,0.6464952092788705,1000
-0.11483765,0.6475037821482603,1000
-0.042266846,0.64851235501765,1000
0.015380859,0.6495209278870399,1000
0.07513428,0.6505295007564297,1000
0.11694336,0.6515380736258195,1000
-0.11419678,0.6525466464952093,1000
-0.0982666,0.6535552193645991,1000
0.0496521,0.654563792233989,1000
0.02633667,0.6555723651033788,1000
0.024719238,0.6565809379727686,1000
0.02999878,0.6575895108421584,1000
-0.11224365,0.6585980837115483,1000
-0.050598145,0.6596066565809381,1000
0.1010437,0.6606152294503278,1000
0.011627197,0.6616238023197176,1000
0.016571045,0.6626323751891074,1000
-0.00091552734,0.6636409480584973,1000
-0.048980713,0.6646495209278871,1000
0.024108887,0.6656580937972769,1000
0.05001831,0.6666666666666667,1000
-0.069366455,0.6676752395360566,1000
-0.03149414,0.6686838124054464,1000
0.06439209,0.6696923852748362,1000
-0.0036315918,0.670700958144226,1000
0.014007568,0.6717095310136157,1000
0.0128479,0.6727181038830056,1000
-0.092681885,0.6737266767523954,1000
0.03555298,0.6747352496217852,1000
0.12445068,0.675743822491175,1000
-0.03665161,0.6767523953605649,1000
-0.11508179,0.6777609682299547,1000
-0.02609253,0.6787695410993445,1000
-0.048614502,0.6797781139687343,1000
0.09967041,0.6807866868381242,1000
0.11383057,0.681795259707514,1000
-0.035491943,0.6828038325769037,1000
-0.10513306,0.6838124054462935,1000
0.008483887,0.6848209783156833,1000
0.035888672,0.6858295511850732,1000
0.04547119,0.686838124054463,1000
0.025024414,0.6878466969238528,1000
-0.11557007,0.6888552697932426,1000
-0.04071045,0.6898638426626325,1000
0.0881958,0.6908724155320223,1000
0.02633667,0.6918809884014121,1000
0.024536133,0.6928895612708019,1000
0.00021362305,0.6938981341401917,1000
-0.080596924,0.6949067070095815,1000
0.03741455,0.6959152798789713,1000
0.03112793,0.6969238527483611,1000
-0.07647705,0.6979324256177509,1000
-0.00076293945,0.6989409984871408,1000
0.023651123,0.6999495713565306,1000
-0.010620117,0.7009581442259204,1000
0.05807495,0.7019667170953102,1000
0.010894775,0.7029752899647,1000
-0.099487305,0.7039838628340899,1000
0.06253052,0.7049924357034797,1000
0.08050537,0.7060010085728694,1000
-0.08047485,0.7070095814422592,1000
-0.038604736,0.708018154311649,1000
-0.013305664,0.7090267271810389,1000
-0.0058898926,0.7100353000504287,1000
0.14572144,0.7110438729198185,1000
0.042938232,0.7120524457892083,1000
-0.15649414,0.7130610186585982,1000
-0.013031006,0.714069591527988,1000
0.037750244,0.7150781643973778,1000
-0.0362854,0.7160867372667676,1000
0.05783081,0.7170953101361575,1000
-0.04458618,0.7181038830055472,1000
-0.059692383,0.719112455874937,1000
0.0765686,0.7201210287443268,1000
0.0062561035,0.7211296016137166,1000
-0.04800415,0.7221381744831065,1000
0.072906494,0.7231467473524963,1000
-0.01071167,0.7241553202218861,1000
-0.112213135,0.7251638930912759,1000
0.05404663,0.7261724659606658,1000
0.035064697,0.7271810388300556,1000
0.058624268,0.7281896116994454,1000
0.029785156,0.7291981845688351,1000
-0.03881836,0.7302067574382249,1000
-0.062561035,0.7312153303076148,1000
0.022613525,0.7322239031770046,1000
0.0057373047,0.7332324760463944,1000
-0.110443115,0.7342410489157842,1000
0.121795654,0.7352496217851741,1000
0.05923462,0.7362581946545639,1000
-0.04336548,0.7372667675239537,1000
0.0059509277,0.7382753403933435,1000
-0.065826416,0.7392839132627333,1000
0.012939453,0.7402924861321231,1000
0.038848877,0.7413010590015129,1000
-0.15072632,0.7423096318709027,1000
0.06298828,0.7433182047402925,1000
0.15719604,0.7443267776096824,1000
-0.0713501,0.7453353504790722,1000
0.014251709,0.746343923348462,1000
-0.0064697266,0.7473524962178518,1000
-0.053466797,0.7483610690872416,1000
-0.03475952,0.7493696419566315,1000
-0.0647583,0.7503782148260213,1000
0.15383911,0.7513867876954111,1000
0.1765747,0.7523953605648008,1000
-0.16748047,0.7534039334341907,1000
-0.10455322,0.7544125063035805,1000
0.08416748,0.7554210791729703,1000
0.015472412,0.7564296520423601,1000
-0.11526489,0.75743822491175,1000
-0.003479004,0.7584467977811398,1000
0.12475586,0.7594553706505296,1000
0.06326294,0.7604639435199194,1000
-0.1111145,0.7614725163893092,1000
-0.029296875,0.7624810892586991,1000
0.031829834,0.7634896621280888,1000
-0.06378174,0.7644982349974786,1000
0.016143799,0.7655068078668684,1000
0.06259155,0.7665153807362582,1000
0.115112305,0.7675239536056481,1000
-0.03656006,0.7685325264750379,1000
-0.11047363,0.7695410993444277,1000
-0.02798462,0.7705496722138175,1000
0.0017700195,0.7715582450832074,1000
0.026184082,0.7725668179525972,1000
0.02218628,0.773575390821987,1000
0.060638428,0.7745839636913767,1000
0.021575928,0.7755925365607665,1000
-0.061462402,0.7766011094301564,1000
-0.035888672,0.7776096822995462,1000
-0.060455322,0.778618255168936,1000
0.013183594,0.7796268280383258,1000
0.027374268,0.7806354009077157,1000
0.09146118,0.7816439737771055,1000
0.040527344,0.7826525466464953,1000
-0.072387695,0.7836611195158851,1000
-0.13796997,0.784669692385275,1000
0.008636475,0.7856782652546648,1000
0.08609009,0.7866868381240545,1000
0.03768921,0.7876954109934443,1000
0.032196045,0.7887039838628341,1000
0.012298584,0.789712556732224,1000
0.0073547363,0.7907211296016138,1000
-0.1642456,0.7917297024710036,1000
0.03829956,0.7927382753403934,1000
0.10494995,0.7937468482097833,1000
-0.017059326,0.7947554210791731,1000
-0.0069885254,0.7957639939485629,1000
0.0119018555,0.7967725668179527,1000
0.040649414,0.7977811396873424,1000
-0.18545532,0.7987897125567323,1000
0.03253174,0.7997982854261221,1000
0.14666748,0.8008068582955119,1000
-0.052093506,0.8018154311649017,1000
-0.06881714,0.8028240040342915,1000
0.09591675,0.8038325769036814,1000
-0.051483154,0.8048411497730712,1000
-0.10321045,0.805849722642461,1000
0.13241577,0.8068582955118508,1000
0.057250977,0.8078668683812407,1000
-0.054779053,0.8088754412506305,1000
-0.03768921,0.8098840141200202,1000
0.012420654,0.81089258698941,1000
-0.059295654,0.8119011598587998,1000
0.016052246,0.8129097327281897,1000
0.0892334,0.8139183055975795,1000
0.082458496,0.8149268784669693,1000
-0.10714722,0.8159354513363591,1000
-0.066589355,0.816944024205749,1000
-0.04260254,0.8179525970751388,1000
0.05343628,0.8189611699445286,1000
0.021575928,0.8199697428139184,1000
0.04748535,0.8209783156833081,1000
-0.027679443,0.821986888552698,1000
0.026611328,0.8229954614220878,1000
-0.08157349,0.8240040342914776,1000
-0.11843872,0.8250126071608674,1000
0.123565674,0.8260211800302573,1000
0.13635254,0.8270297528996471,1000
-0.0034484863,0.8280383257690369,1000
-0.11859131,0.8290468986384267,1000
0.034301758,0.8300554715078166,1000
-0.05050659,0.8310640443772064,1000
-0.032684326,0.8320726172465961,1000
0.057434082,0.8330811901159859,1000
0.0843811,0.8340897629853757,1000
0.01751709,0.8350983358547656,1000
-0.07501221,0.8361069087241554,1000
-0.08047485,0.8371154815935452,1000
-0.034820557,0.838124054462935,1000
0.10079956,0.8391326273323249,1000
0.027832031,0.8401412002017147,1000
-0.019104004,0.8411497730711045,1000
0.041290283,0.8421583459404943,1000
-0.039093018,0.8431669188098841,1000
-0.1635437,0.8441754916792739,1000
0.028076172,0.8451840645486637,1000
0.19006348,0.8461926374180535,1000
0.0062561035,0.8472012102874433,1000
-0.07098389,0.8482097831568332,1000
0.04537964,0.849218356026223,1000
-0.023651123,0.8502269288956128,1000
-0.15200806,0.8512355017650026,1000
0.078125,0.8522440746343924,1000
0.1914978,0.8532526475037823,1000
-0.03466797,0.8542612203731721,1000
-0.10586548,0.8552697932425618,1000
0.06756592,0.8562783661119516,1000
-0.07397461,0.8572869389813415,1000
-0.10897827,0.8582955118507313,1000
0.11923218,0.8593040847201211,1000
0.13302612,0.8603126575895109,1000
-0.09106445,0.8613212304589007,1000
-0.04724121,0.8623298033282906,1000
0.039886475,0.8633383761976804,1000
-0.1020813,0.8643469490670702,1000
-0.026245117,0.86535552193646,1000
0.14938354,0.8663640948058499,1000
0.046325684,0.8673726676752396,1000
-0.106933594,0.8683812405446294,1000
0.029052734,0.8693898134140192,1000
-0.04727173,0.870398386283409,1000
-0.09542847,0.8714069591527989,1000
0.12579346,0.8724155320221887,1000
0.08010864,0.8734241048915785,1000
-0.0657959,0.8744326777609683,1000
0.040130615,0.8754412506303582,1000
-0.009460449,0.876449823499748,1000
-0.18026733,0.8774583963691378,1000
0.09640503,0.8784669692385275,1000
0.08929443,0.8794755421079173,1000
-0.039031982,0.8804841149773072,1000
0.0592041,0.881492687846697,1000
-0.013549805,0.8825012607160868,1000
-0.12866211,0.8835098335854766,1000
0.031097412,0.8845184064548665,1000
0.0211792,0.8855269793242563,1000
0.0060424805,0.8865355521936461,1000
0.15454102,0.8875441250630359,1000
-0.11621094,0.8885526979324258,1000
-0.02835083,0.8895612708018155,1000
0.03942871,0.8905698436712053,1000
-0.20108032,0.8915784165405951,1000
0.1111145,0.8925869894099849,1000
0.19573975,0.8935955622793748,1000
-0.17236328,0.8946041351487646,1000
0.06951904,0.8956127080181544,1000
0.042419434,0.8966212808875442,1000
-0.23065186,0.897629853756934,1000
0.1307373,0.8986384266263239,1000
0.0014648438,0.8996469994957137,1000
-0.032684326,0.9006555723651035,1000
0.19244385,0.9016641452344932,1000
-0.1512146,0.902672718103883,1000
-0.021362305,0.9036812909732729,1000
0.048553467,0.9046898638426627,1000
-0.18643188,0.9056984367120525,1000
0.17163086,0.9067070095814423,1000
0.039794922,0.9077155824508322,1000
-0.10800171,0.908724155320222,1000
0.1899414,0.9097327281896118,1000
-0.14364624,0.9107413010590016,1000
-0.074920654,0.9117498739283915,1000
0.18508911,0.9127584467977812,1000
-0.20019531,0.913767019667171,1000
0.07757568,0.9147755925365608,1000
0.1251831,0.9157841654059506,1000
-0.120269775,0.9167927382753405,1000
0.120910645,0.9178013111447303,1000
-0.15509033,0.9188098840141201,1000
0.02935791,0.9198184568835099,1000
0.13375854,0.9208270297528998,1000
-0.31103516,0.9218356026222896,1000
0.1453247,0.9228441754916794,1000
0.16000366,0.9238527483610691,1000
-0.20162964,0.9248613212304589,1000
0.15710449,0.9258698940998488,1000
-0.051116943,0.9268784669692386,1000
-0.0803833,0.9278870398386284,1000
0.1873169,0.9288956127080182,1000
-0.27243042,0.9299041855774081,1000
0.08508301,0.9309127584467979,1000
0.19308472,0.9319213313161877,1000
-0.2244873,0.9329299041855775,1000
0.20285034,0.9339384770549674,1000
-0.041931152,0.9349470499243572,1000
-0.15805054,0.9359556227937469,1000
0.18600464,0.9369641956631367,1000
-0.18856812,0.9379727685325265,1000
0.062805176,0.9389813414019164,1000
0.13400269,0.9399899142713062,1000
-0.25756836,0.940998487140696,1000
0.171875,0.9420070600100858,1000
0.070129395,0.9430156328794757,1000
-0.25494385,0.9440242057488655,1000
0.22866821,0.9450327786182553,1000
-0.087249756,0.9460413514876451,1000
-0.087402344,0.9470499243570348,1000
0.2484436,0.9480584972264247,1000
-0.22271729,0.9490670700958145,1000
-0.029052734,0.9500756429652043,1000
0.16171265,0.9510842158345941,1000
-0.13955688,0.952092788703984,1000
0.15829468,0.9531013615733738,1000
0.06854248,0.9541099344427636,1000
-0.21502686,0.9551185073121534,1000
0.14807129,0.9561270801815432,1000
0.022766113,0.9571356530509331,1000
-0.17181396,0.9581442259203229,1000
0.14611816,0.9591527987897126,1000
-0.05215454,0.9601613716591024,1000
-0.105285645,0.9611699445284922,1000
0.18231201,0.9621785173978821,1000
-0.01852417,0.9631870902672719,1000
-0.09838867,0.9641956631366617,1000
0.05984497,0.9652042360060515,1000
-0.015014648,0.9662128088754414,1000
-0.0690918,0.9672213817448312,1000
0.115478516,0.968229954614221,1000
0.024932861,0.9692385274836108,1000
-0.19036865,0.9702471003530005,1000
0.06439209,0.9712556732223904,1000
0.07141113,0.9722642460917802,1000
-0.13342285,0.97327281896117,1000
0.11605835,0.9742813918305598,1000
0.11074829,0.9752899646999497,1000
-0.2211914,0.9762985375693395,1000
0.05606079,0.9773071104387293,1000
0.18972778,0.9783156833081191,1000
-0.13635254,0.979324256177509,1000
-0.025604248,0.9803328290468988,1000
0.058563232,0.9813414019162885,1000
-0.028503418,0.9823499747856783,1000
-0.082458496,0.9833585476550681,1000
0.0063476562,0.984367120524458,1000
0.09313965,0.9853756933938478,1000
-0.07626343,0.9863842662632376,1000
-0.060943604,0.9873928391326274,1000
0.20220947,0.9884014120020173,1000
-0.0045166016,0.9894099848714071,1000
-0.21136475,0.9904185577407969,1000
0.106933594,0.9914271306101867,1000
0.13970947,0.9924357034795765,1000
-0.15945435,0.9934442763489663,1000
-0.05783081,0.9944528492183561,1000
0.14276123,0.9954614220877459,1000
0.084503174,0.9964699949571357,1000
-0.18063354,0.9974785678265256,1000
-0.043823242,0.9984871406959154,1000
0.19158936,0.9994957135653052,1000
-0.0011901855,1.000504286434695,1000
-0.2315979,1.0015128593040847,1000
0.048339844,1.0025214321734746,1000
0.17648315,1.0035300050428644,1000
-0.022033691,1.0045385779122542,1000
-0.17803955,1.005547150781644,1000
0.012451172,1.0065557236510339,1000
0.19146729,1.0075642965204237,1000
0.011993408,1.0085728693898135,1000
-0.19052124,1.0095814422592033,1000
-0.044830322,1.0105900151285931,1000
0.19534302,1.011598587997983,1000
-0.022644043,1.0126071608673728,1000
-0.06048584,1.0136157337367626,1000
-0.111083984,1.0146243066061524,1000
0.15689087,1.0156328794755423,1000
0.002960205,1.016641452344932,1000
0.010681152,1.017650025214322,1000
-0.083618164,1.0186585980837117,1000
0.005126953,1.0196671709531016,1000
0.04574585,1.0206757438224914,1000
0.06427002,1.021684316691881,1000
0.012176514,1.0226928895612708,1000
-0.21984863,1.0237014624306606,1000
0.111328125,1.0247100353000504,1000
0.08505249,1.0257186081694403,1000
0.016540527,1.02672718103883,1000
-0.118133545,1.02773575390822,1000
-0.04119873,1.0287443267776097,1000
0.1204834,1.0297528996469996,1000
-0.017547607,1.0307614725163894,1000
0.11279297,1.0317700453857792,1000
-0.11248779,1.032778618255169,1000
-0.11062622,1.0337871911245589,1000
0.14990234,1.0347957639939487,1000
0.0009765625,1.0358043368633385,1000
0.04473877,1.0368129097327283,1000
-0.092803955,1.0378214826021182,1000
-0.10116577,1.038830055471508,1000
0.102874756,1.0398386283408978,1000
0.01461792,1.0408472012102876,1000
0.108428955,1.0418557740796774,1000
-0.12319946,1.0428643469490673,1000
-0.18127441,1.043872919818457,1000
0.16641235,1.0448814926878467,1000
-0.00045776367,1.0458900655572365,1000
0.08996582,1.0468986384266263,1000
-0.062927246,1.0479072112960162,1000
-0.20578003,1.048915784165406,1000
0.14450073,1.0499243570347958,1000
0.010681152,1.0509329299041856,1000
0.07473755,1.0519415027735755,1000
0.09063721,1.0529500756429653,1000
-0.2581482,1.053958648512355,1000
0.017608643,1.054967221381745,1000
0.16079712,1.0559757942511347,1000
-0.019989014,1.0569843671205246,1000
0.06668091,1.0579929399899144,1000
-0.104888916,1.0590015128593042,1000
-0.106536865,1.060010085728694,1000
0.13864136,1.0610186585980839,1000
-0.009124756,1.0620272314674737,1000
0.01159668,1.0630358043368635,1000
0.049804688,1.0640443772062533,1000
-0.16485596,1.0650529500756432,1000
-0.0206604,1.066061522945033,1000
0.10229492,1.0670700958144228,1000
-0.03753662,1.0680786686838124,1000
0.078826904,1.0690872415532022,1000
-0.015930176,1.070095814422592,1000
-0.14041138,1.0711043872919819,1000
0.082733154,1.0721129601613717,1000
0.031311035,1.0731215330307615,1000
-0.013671875,1.0741301059001513,1000
0.08935547,1.0751386787695412,1000
-0.07632446,1.076147251638931,1000
-0.08001709,1.0771558245083208,1000
0.078125,1.0781643973777106,1000
-0.013763428,1.0791729702471005,1000
0.039001465,1.0801815431164903,1000
0.038513184,1.08119011598588,1000
-0.04977417,1.08219868885527,1000
-0.054992676,1.0832072617246598,1000
0.016326904,1.0842158345940496,1000
-0.03466797,1.0852244074634394,1000
0.04434204,1.0862329803328292,1000
0.11669922,1.087241553202219,1000
-0.079559326,1.0882501260716089,1000
-0.10559082,1.0892586989409987,1000
0.027191162,1.0902672718103883,1000
0.0284729,1.0912758446797781,1000
0.04977417,1.092284417549168,1000
0.05831909,1.0932929904185578,1000
-0.09136963,1.0943015632879476,1000
-0.06665039,1.0953101361573374,1000
0.08276367,1.0963187090267272,1000
-0.037628174,1.097327281896117,1000
0.065979004,1.0983358547655069,1000
0.09542847,1.0993444276348967,1000
-0.08291626,1.1003530005042865,1000
-0.06915283,1.1013615733736764,1000
-0.012817383,1.1023701462430662,1000
-0.04248047,1.103378719112456,1000
0.10964966,1.1043872919818458,1000
0.07824707,1.1053958648512356,1000
-0.13430786,1.1064044377206255,1000
-0.07650757,1.1074130105900153,1000
0.010803223,1.1084215834594051,1000
-0.008422852,1.109430156328795,1000
0.13684082,1.1104387291981848,1000
0.037963867,1.1114473020675746,1000
-0.1378479,1.1124558749369644,1000
-0.02911377,1.113464447806354,1000
0.014556885,1.1144730206757438,1000
0.014587402,1.1154815935451337,1000
0.12890625,1.1164901664145235,1000
-0.017242432,1.1174987392839133,1000
-0.106414795,1.1185073121533031,1000
0.021209717,1.119515885022693,1000
-0.012512207,1.1205244578920828,1000
0.022979736,1.1215330307614726,1000
0.109954834,1.1225416036308624,1000
-0.05999756,1.1235501765002522,1000
-0.09701538,1.124558749369642,1000
0.044769287,1.1255673222390319,1000
-0.013946533,1.1265758951084217,1000
0.058654785,1.1275844679778115,1000
0.062469482,1.1285930408472014,1000
-0.13189697,1.1296016137165912,1000
-0.02520752,1.130610186585981,1000
0.060424805,1.1316187594553708,1000
-0.008087158,1.1326273323247606,1000
0.08660889,1.1336359051941505,1000
-0.027770996,1.1346444780635403,1000
-0.12414551,1.1356530509329301,1000
0.062927246,1.1366616238023197,1000
0.023712158,1.1376701966717095,1000
0.013000488,1.1386787695410994,1000
0.057922363,1.1396873424104892,1000
-0.11035156,1.140695915279879,1000
-0.0046691895,1.1417044881492688,1000
0.09008789,1.1427130610186587,1000
0.005432129,1.1437216338880485,1000
0.042114258,1.1447302067574383,1000
-0.08236694,1.1457387796268281,1000
-0.13427734,1.146747352496218,1000
0.07510376,1.1477559253656078,1000
-0.010345459,1.1487644982349976,1000
0.04220581,1.1497730711043874,1000
0.113708496,1.1507816439737772,1000
-0.15081787,1.151790216843167,1000
0.0030517578,1.152798789712557,1000
0.055389404,1.1538073625819467,1000
-0.028137207,1.1548159354513365,1000
0.069000244,1.1558245083207264,1000
-0.13226318,1.1568330811901162,1000
-0.035583496,1.157841654059506,1000
0.20288086,1.1588502269288958,1000
-0.017089844,1.1598587997982854,1000
0.03302002,1.1608673726676753,1000
-0.05441284,1.161875945537065,1000
-0.11062622,1.162884518406455,1000
0.13903809,1.1638930912758447,1000
-0.06552124,1.1649016641452345,1000
0.04119873,1.1659102370146244,1000
-0.029541016,1.1669188098840142,1000
-0.13327026,1.167927382753404,1000
0.1404419,1.1689359556227938,1000
0.015930176,1.1699445284921837,1000
0.006866455,1.1709531013615735,1000
0.0043945312,1.1719616742309633,1000
-0.15338135,1.1729702471003531,1000
0.06188965,1.173978819969743,1000
0.11605835,1.1749873928391328,1000
-0.12515259,1.1759959657085226,1000
0.10177612,1.1770045385779124,1000
-0.11520386,1.1780131114473023,1000
0.0029296875,1.179021684316692,1000
0.12414551,1.180030257186082,1000
-0.06942749,1.1810388300554717,1000
0.13430786,1.1820474029248613,1000
-0.21859741,1.1830559757942511,1000
0.026855469,1.184064548663641,1000
0.061309814,1.1850731215330308,1000
0.0029296875,1.1860816944024206,1000
0.12362671,1.1870902672718104,1000
-0.13330078,1.1880988401412003,1000
-0.01876831,1.18910741301059,1000
-0.0016174316,1.19011598587998,1000
0.04272461,1.1911245587493697,1000
0.04257202,1.1921331316187596,1000
-0.09793091,1.1931417044881494,1000
-0.10675049,1.1941502773575392,1000
0.13830566,1.195158850226929,1000
0.026306152,1.1961674230963188,1000
0.11242676,1.1971759959657087,1000
-0.12768555,1.1981845688350985,1000
-0.097839355,1.1991931417044883,1000
0.15679932,1.2002017145738781,1000
-0.12246704,1.201210287443268,1000
0.1614685,1.2022188603126578,1000
-0.16226196,1.2032274331820476,1000
0.05178833,1.2042360060514374,1000
0.100097656,1.205244578920827,1000
-0.044128418,1.2062531517902169,1000
0.108428955,1.2072617246596067,1000
-0.21151733,1.2082702975289965,1000
0.04888916,1.2092788703983863,1000
0.0020141602,1.2102874432677762,1000
-0.046783447,1.211296016137166,1000
0.0798645,1.2123045890065558,1000
-0.08270264,1.2133131618759456,1000
0.01763916,1.2143217347453354,1000
0.0011901855,1.2153303076147253,1000
-0.011474609,1.216338880484115,1000
0.11364746,1.217347453353505,1000
-0.05657959,1.2183560262228947,1000
0.0057678223,1.2193645990922846,1000
-0.025115967,1.2203731719616744,1000
-0.014312744,1.2213817448310642,1000
0.09164429,1.222390317700454,1000
-0.08282471,1.2233988905698439,1000
0.016052246,1.2244074634392337,1000
0.03387451,1.2254160363086235,1000
0.11236572,1.2264246091780133,1000
-0.022888184,1.2274331820474031,1000
-0.24176025,1.2284417549167927,1000
-0.035339355,1.2294503277861826,1000
-0.021636963,1.2304589006555724,1000
0.17294312,1.2314674735249622,1000
0.11917114,1.232476046394352,1000
-0.0854187,1.2334846192637419,1000
0.053131104,1.2344931921331317,1000
-0.061065674,1.2355017650025215,1000
0.0050964355,1.2365103378719113,1000
-0.1121521,1.2375189107413012,1000
-0.09954834,1.238527483610691,1000
0.11010742,1.2395360564800808,1000
0.081451416,1.2405446293494706,1000
0.1890564,1.2415532022188605,1000
-0.16201782,1.2425617750882503,1000
-0.081604004,1.24357034795764,1000
0.024780273,1.24457892082703,1000
-0.049835205,1.2455874936964197,1000
0.1454773,1.2465960665658096,1000
-0.111328125,1.2476046394351994,1000
-0.052490234,1.2486132123045892,1000
0.16256714,1.249621785173979,1000
-0.015716553,1.2506303580433689,1000
0.016693115,1.2516389309127585,1000
-0.14587402,1.2526475037821483,1000
-0.13903809,1.253656076651538,1000
0.13027954,1.254664649520928,1000
0.07266235,1.2556732223903178,1000
0.096221924,1.2566817952597076,1000
-0.103881836,1.2576903681290974,1000
0.020721436,1.2586989409984872,1000
0.08731079,1.259707513867877,1000
-0.04748535,1.2607160867372669,1000
0.025634766,1.2617246596066567,1000
-0.16064453,1.2627332324760465,1000
0.084228516,1.2637418053454363,1000
0.017822266,1.2647503782148262,1000
-0.011352539,1.265758951084216,1000
0.1434021,1.2667675239536058,1000
-0.111083984,1.2677760968229956,1000
-0.051940918,1.2687846696923855,1000
0.006652832,1.2697932425617753,1000
-0.050109863,1.270801815431165,1000
0.20098877,1.271810388300555,1000
-0.10043335,1.2728189611699448,1000
-0.15420532,1.2738275340393344,1000
0.11508179,1.2748361069087242,1000
-0.0032653809,1.275844679778114,1000
0.0920105,1.2768532526475038,1000
-0.0473938,1.2778618255168936,1000
-0.19671631,1.2788703983862835,1000
0.10397339,1.2798789712556733,1000
0.048858643,1.2808875441250631,1000
0.027252197,1.281896116994453,1000
0.10122681,1.2829046898638428,1000
-0.14645386,1.2839132627332326,1000
0.0055236816,1.2849218356026224,1000
0.06536865,1.2859304084720122,1000
-0.11816406,1.286938981341402,1000
0.09454346,1.2879475542107919,1000
-0.06594849,1.2889561270801817,1000
-0.105285645,1.2899646999495715,1000
0.13339233,1.2909732728189613,1000
0.05606079,1.2919818456883512,1000
-0.0289917,1.292990418557741,1000
0.07211304,1.2939989914271308,1000
-0.15863037,1.2950075642965206,1000
0.008422852,1.2960161371659105,1000
0.08282471,1.2970247100353,1000
-0.07501221,1.29803328290469,1000
0.031799316,1.2990418557740797,1000
0.08242798,1.3000504286434695,1000
-0.01727295,1.3010590015128594,1000
-0.018981934,1.3020675743822492,1000
-0.02053833,1.303076147251639,1000
-0.039245605,1.3040847201210288,1000
0.06173706,1.3050932929904187,1000
0.03152466,1.3061018658598085,1000
-0.087890625,1.3071104387291983,1000
-0.04827881,1.3081190115985881,1000
0.039886475,1.309127584467978,1000
0.0602417,1.3101361573373678,1000
0.038879395,1.3111447302067576,1000
-0.05307007,1.3121533030761474,1000
-0.059906006,1.3131618759455372,1000
-0.019927979,1.314170448814927,1000
0.070617676,1.3151790216843169,1000
-0.02468872,1.3161875945537067,1000
0.04434204,1.3171961674230965,1000
0.0065307617,1.3182047402924864,1000
-0.12527466,1.3192133131618762,1000
0.06225586,1.3202218860312658,1000
0.033966064,1.3212304589006556,1000
-0.014862061,1.3222390317700454,1000
0.052459717,1.3232476046394352,1000
-0.0051574707,1.324256177508825,1000
-0.04638672,1.325264750378215,1000
0.05178833,1.3262733232476047,1000
-0.022735596,1.3272818961169945,1000
-0.06466675,1.3282904689863844,1000
0.045440674,1.3292990418557742,1000
0.004638672,1.330307614725164,1000
-0.0061950684,1.3313161875945538,1000
-0.019012451,1.3323247604639437,1000
-0.03829956,1.3333333333333335,1000
0.022949219,1.3343419062027233,1000
0.119384766,1.3353504790721131,1000
0.02017212,1.336359051941503,1000
-0.10394287,1.3373676248108928,1000
-0.024993896,1.3383761976802826,1000
-0.06365967,1.3393847705496724,1000
0.07229614,1.3403933434190622,1000
0.096221924,1.341401916288452,1000
-0.0154418945,1.342410489157842,1000
-0.06121826,1.3434190620272315,1000
-0.021270752,1.3444276348966213,1000
0.006286621,1.3454362077660111,1000
0.077819824,1.346444780635401,1000
0.049804688,1.3474533535047908,1000
-0.087524414,1.3484619263741806,1000
-0.10446167,1.3494704992435704,1000
0.016052246,1.3504790721129603,1000
0.027740479,1.35148764498235,1000
0.07571411,1.35249621785174,1000
0.00869751,1.3535047907211297,1000
-0.06716919,1.3545133635905195,1000
-0.024047852,1.3555219364599094,1000
0.044006348,1.3565305093292992,1000
0.054351807,1.357539082198689,1000
0.0082092285,1.3585476550680788,1000
-0.056854248,1.3595562279374687,1000
-0.0647583,1.3605648008068585,1000
0.026672363,1.3615733736762483,1000
0.033355713,1.3625819465456381,1000
0.037322998,1.363590519415028,1000
0.017608643,1.3645990922844178,1000
-0.031188965,1.3656076651538074,1000
-0.022216797,1.3666162380231972,1000
0.02355957,1.367624810892587,1000
0.027954102,1.3686333837619769,1000
-0.010009766,1.3696419566313667,1000
-0.0597229,1.3706505295007565,1000
-0.042419434,1.3716591023701463,1000
0.008758545,1.3726676752395361,1000
0.041290283,1.373676248108926,1000
0.029785156,1.3746848209783158,1000
-0.009063721,1.3756933938477056,1000
-0.022338867,1.3767019667170954,1000
-0.022399902,1.3777105395864853,1000
0.007446289,1.378719112455875,1000
0.043762207,1.379727685325265,1000
-0.0038146973,1.3807362581946547,1000
-0.04849243,1.3817448310640446,1000
-0.028503418,1.3827534039334344,1000
0.03778076,1.3837619768028242,1000
0.025024414,1.384770549672214,1000
0.025817871,1.3857791225416038,1000
0.022613525,1.3867876954109937,1000
0.0031738281,1.3877962682803835,1000
-0.032806396,1.388804841149773,1000
0.00793457,1.389813414019163,1000
-0.006011963,1.3908219868885527,1000
-0.02670288,1.3918305597579426,1000
-0.013641357,1.3928391326273324,1000
0.0014953613,1.3938477054967222,1000
0.027679443,1.394856278366112,1000
-0.0013122559,1.3958648512355019,1000
-0.018066406,1.3968734241048917,1000
0.0146484375,1.3978819969742815,1000
0.029785156,1.3988905698436713,1000
-0.008270264,1.3998991427130612,1000
0.0026550293,1.400907715582451,1000
-0.016571045,1.4019162884518408,1000
-0.059692383,1.4029248613212306,1000
-0.012908936,1.4039334341906204,1000
0.0423584,1.4049420070600103,1000
0.02935791,1.4059505799294,1000
0.0061035156,1.40695915279879,1000
-0.00015258789,1.4079677256681797,1000
-0.0049743652,1.4089762985375696,1000
0.0022583008,1.4099848714069594,1000
0.007904053,1.4109934442763492,1000
-0.009765625,1.4120020171457388,1000
-0.02508545,1.4130105900151286,1000
-0.03302002,1.4140191628845185,1000
-0.009674072,1.4150277357539083,1000
0.0491333,1.416036308623298,1000
0.026672363,1.417044881492688,1000
-0.00982666,1.4180534543620777,1000
-0.003753662,1.4190620272314676,1000
-0.0021972656,1.4200706001008574,1000
0.0070495605,1.4210791729702472,1000
0.034606934,1.422087745839637,1000
-0.005645752,1.4230963187090269,1000
-0.03945923,1.4241048915784167,1000
-0.030303955,1.4251134644478065,1000
0.0126953125,1.4261220373171963,1000
0.053253174,1.4271306101865862,1000
0.01449585,1.428139183055976,1000
-0.013763428,1.4291477559253658,1000
-0.028869629,1.4301563287947556,1000
0.00869751,1.4311649016641455,1000
0.02456665,1.4321734745335353,1000
0.021759033,1.433182047402925,1000
-0.027740479,1.434190620272315,1000
-0.047698975,1.4351991931417045,1000
-0.022918701,1.4362077660110943,1000
0.04510498,1.4372163388804842,1000
0.024597168,1.438224911749874,1000
-0.0049438477,1.4392334846192638,1000
-0.008117676,1.4402420574886536,1000
-0.016143799,1.4412506303580435,1000
-3.0517578e-05,1.4422592032274333,1000
0.025115967,1.443267776096823,1000
-0.0036010742,1.444276348966213,1000
-0.03945923,1.4452849218356028,1000
-0.015289307,1.4462934947049926,1000
-0.00091552734,1.4473020675743824,1000
0.039276123,1.4483106404437722,1000
0.0082092285,1.449319213313162,1000
-0.0134887695,1.4503277861825519,1000
-0.0038757324,1.4513363590519417,1000
0.0032043457,1.4523449319213315,1000
0.0038146973,1.4533535047907213,1000
0.005126953,1.4543620776601112,1000
-0.033203125,1.455370650529501,1000
-0.028625488,1.4563792233988908,1000
0.0014038086,1.4573877962682804,1000
0.04751587,1.4583963691376702,1000
0.04058838,1.45940494200706,1000
-0.009033203,1.4604135148764499,1000
-0.022369385,1.4614220877458397,1000
-0.007293701,1.4624306606152295,1000
0.012512207,1.4634392334846194,1000
0.01651001,1.4644478063540092,1000
-0.0028381348,1.465456379223399,1000
-0.056427002,1.4664649520927888,1000
-0.020965576,1.4674735249621786,1000
0.067840576,1.4684820978315685,1000
0.0463562,1.4694906707009583,1000
-0.020965576,1.4704992435703481,1000
-0.045318604,1.471507816439738,1000
-0.011047363,1.4725163893091278,1000
0.023925781,1.4735249621785176,1000
0.014465332,1.4745335350479074,1000
-0.013946533,1.4755421079172972,1000
-0.079711914,1.476550680786687,1000
-0.011138916,1.4775592536560769,1000
0.09490967,1.4785678265254667,1000
0.032989502,1.4795763993948565,1000
-0.042388916,1.4805849722642461,1000
-0.01852417,1.481593545133636,1000
0.01727295,1.4826021180030258,1000
0.026885986,1.4836106908724156,1000
0.008117676,1.4846192637418054,1000
-0.03387451,1.4856278366111952,1000
-0.0423584,1.486636409480585,1000
0.0385437,1.4876449823499749,1000
0.07745361,1.4886535552193647,1000
0.010467529,1.4896621280887545,1000
-0.060455322,1.4906707009581444,1000
-0.034332275,1.4916792738275342,1000
0.018218994,1.492687846696924,1000
0.021575928,1.4936964195663138,1000
0.0039367676,1.4947049924357036,1000
-0.05606079,1.4957135653050935,1000
-0.0206604,1.4967221381744833,1000
0.05505371,1.4977307110438731,1000
0.04663086,1.498739283913263,1000
-0.03564453,1.4997478567826528,1000
-0.05014038,1.5007564296520426,1000
-0.0049438477,1.5017650025214324,1000
0.029296875,1.5027735753908222,1000
0.029937744,1.5037821482602118,1000
-0.025421143,1.5047907211296017,1000
-0.037200928,1.5057992939989915,1000
0.035491943,1.5068078668683813,1000
0.04827881,1.5078164397377711,1000
-0.0070495605,1.508825012607161,1000
-0.040618896,1.5098335854765508,1000
-0.017211914,1.5108421583459406,1000
0.0054626465,1.5118507312153304,1000
0.015777588,1.5128593040847202,1000
-0.0036010742,1.51386787695411,1000
-0.05255127,1.5148764498235,1000
0.0032043457,1.5158850226928897,1000
0.050079346,1.5168935955622795,1000
0.02798462,1.5179021684316694,1000
-0.03201294,1.5189107413010592,1000
-0.016723633,1.519919314170449,1000
0.004547119,1.5209278870398388,1000
-0.0074768066,1.5219364599092287,1000
0.016662598,1.5229450327786185,1000
-0.023803711,1.5239536056480083,1000
0.0289917,1.5249621785173981,1000
0.024902344,1.525970751386788,1000
0.0026550293,1.5269793242561776,1000
0.0028686523,1.5279878971255674,1000
-0.0052490234,1.5289964699949572,1000
-0.0040893555,1.530005042864347,1000
-0.043518066,1.5310136157337368,1000
0.020629883,1.5320221886031267,1000
-0.011962891,1.5330307614725165,1000
-0.017547607,1.5340393343419063,1000
0.021057129,1.5350479072112961,1000
0.02444458,1.536056480080686,1000
-0.0028381348,1.5370650529500758,1000
-0.03479004,1.5380736258194656,1000
0.02154541,1.5390821986888554,1000
-0.04071045,1.5400907715582453,1000
0.004547119,1.541099344427635,1000
0.0037841797,1.542107917297025,1000
-0.027160645,1.5431164901664147,1000
0.05508423,1.5441250630358045,1000
0.034118652,1.5451336359051944,1000
-0.013000488,1.5461422087745842,1000
-0.03488159,1.547150781643974,1000
0.03845215,1.5481593545133638,1000
-0.009460449,1.5491679273827534,1000
-0.028045654,1.5501765002521433,1000
0.013793945,1.551185073121533,1000
-0.024902344,1.552193645990923,1000
0.034118652,1.5532022188603127,1000
0.02017212,1.5542107917297026,1000
0.010345459,1.5552193645990924,1000
-0.044006348,1.5562279374684822,1000
-0.0025939941,1.557236510337872,1000
0.009094238,1.5582450832072618,1000
-0.044708252,1.5592536560766517,1000
0.024749756,1.5602622289460415,1000
-0.032958984,1.5612708018154313,1000
0.02218628,1.5622793746848211,1000
0.036315918,1.563287947554211,1000
0.017028809,1.5642965204236008,1000
-0.016723633,1.5653050932929906,1000
-0.020690918,1.5663136661623804,1000
0.034240723,1.5673222390317703,1000
-0.041412354,1.56833081190116,1000
0.030975342,1.56933938477055,1000
-0.026611328,1.5703479576399397,1000
-0.0052490234,1.5713565305093296,1000
0.044708252,1.5723651033787192,1000
-0.00012207031,1.573373676248109,1000
-0.001953125,1.5743822491174988,1000
-0.05444336,1.5753908219868886,1000
0.0423584,1.5763993948562784,1000
-0.051330566,1.5774079677256683,1000
0.005279541,1.578416540595058,1000
-0.0023498535,1.579425113464448,1000
-0.0067749023,1.5804336863338377,1000
0.05795288,1.5814422592032276,1000
-0.0032653809,1.5824508320726174,1000
0.024597168,1.5834594049420072,1000
-0.060150146,1.584467977811397,1000
0.05303955,1.5854765506807869,1000
-0.03100586,1.5864851235501767,1000
-0.012756348,1.5874936964195665,1000
0.009033203,1.5885022692889563,1000
-0.018127441,1.5895108421583461,1000
0.10079956,1.590519415027736,1000
-0.004852295,1.5915279878971258,1000
0.0028381348,1.5925365607665156,1000
-0.08572388,1.5935451336359054,1000
0.042144775,1.5945537065052953,1000
-0.0036010742,1.5955622793746849,1000
-0.056610107,1.5965708522440747,1000
-0.00390625,1.5975794251134645,1000
-0.016998291,1.5985879979828543,1000
0.10812378,1.5995965708522442,1000
-0.009307861,1.600605143721634,1000
-0.0073547363,1.6016137165910238,1000
-0.08013916,1.6026222894604136,1000
0.030426025,1.6036308623298035,1000
0.022125244,1.6046394351991933,1000
-0.04714966,1.605648008068583,1000
-0.005065918,1.606656580937973,1000
-0.0075683594,1.6076651538073627,1000
0.09844971,1.6086737266767526,1000
0.012084961,1.6096822995461424,1000
-0.016052246,1.6106908724155322,1000
-0.07318115,1.611699445284922,1000
0.028808594,1.6127080181543119,1000
0.025268555,1.6137165910237017,1000
-0.04800415,1.6147251638930915,1000
-0.02734375,1.6157337367624813,1000
0.006866455,1.6167423096318712,1000
0.09152222,1.617750882501261,1000
0.014556885,1.6187594553706506,1000
-0.043762207,1.6197680282400404,1000
-0.06304932,1.6207766011094302,1000
0.020141602,1.62178517397882,1000
0.016448975,1.6227937468482099,1000
-0.02859497,1.6238023197175997,1000
-0.016082764,1.6248108925869895,1000
0.04144287,1.6258194654563793,1000
0.08139038,1.6268280383257692,1000
0.024108887,1.627836611195159,1000
-0.052612305,1.6288451840645488,1000
-0.051727295,1.6298537569339386,1000
0.019104004,1.6308623298033285,1000
0.01727295,1.6318709026727183,1000
-0.024871826,1.632879475542108,1000
-0.028930664,1.633888048411498,1000
0.032165527,1.6348966212808878,1000
0.056243896,1.6359051941502776,1000
0.025482178,1.6369137670196674,1000
-0.063934326,1.6379223398890572,1000
-0.046844482,1.638930912758447,1000
0.006591797,1.6399394856278369,1000
0.0043029785,1.6409480584972267,1000
-0.029724121,1.6419566313666163,1000
-0.023620605,1.6429652042360061,1000
0.0501709,1.643973777105396,1000
0.046813965,1.6449823499747858,1000
0.006225586,1.6459909228441756,1000
-0.055755615,1.6469994957135654,1000
-0.00970459,1.6480080685829552,1000
0.014770508,1.649016641452345,1000
-0.019378662,1.6500252143217349,1000
-0.020843506,1.6510337871911247,1000
0.037841797,1.6520423600605145,1000
0.04019165,1.6530509329299043,1000
0.024810791,1.6540595057992942,1000
-0.021606445,1.655068078668684,1000
-0.036987305,1.6560766515380738,1000
0.004852295,1.6570852244074636,1000
-0.020690918,1.6580937972768535,1000
-0.029052734,1.6591023701462433,1000
0.029022217,1.6601109430156331,1000
0.029968262,1.661119515885023,1000
-0.007293701,1.6621280887544128,1000
0.032684326,1.6631366616238026,1000
-0.018554688,1.6641452344931922,1000
-0.016448975,1.665153807362582,1000
-0.01852417,1.6661623802319718,1000
-0.04333496,1.6671709531013617,1000
0.059173584,1.6681795259707515,1000
0.04824829,1.6691880988401413,1000
-0.022003174,1.6701966717095311,1000
-0.004180908,1.671205244578921,1000
0.041809082,1.6722138174483108,1000
-0.0206604,1.6732223903177006,1000
-0.04675293,1.6742309631870904,1000
-0.026245117,1.6752395360564802,1000
0.05935669,1.67624810892587,1000
0.04626465,1.6772566817952599,1000
-0.05908203,1.6782652546646497,1000
-0.03994751,1.6792738275340395,1000
0.038635254,1.6802824004034294,1000
0.009918213,1.6812909732728192,1000
-0.069610596,1.682299546142209,1000
0.012939453,1.6833081190115988,1000
0.06750488,1.6843166918809886,1000
0.018188477,1.6853252647503785,1000
-0.07531738,1.6863338376197683,1000
-0.03744507,1.687342410489158,1000
0.043914795,1.6883509833585477,1000
0.025665283,1.6893595562279375,1000
-0.007232666,1.6903681290973274,1000
0.0022888184,1.6913767019667172,1000
0.057006836,1.692385274836107,1000
-0.0069885254,1.6933938477054968,1000
-0.08258057,1.6944024205748867,1000
-0.0014038086,1.6954109934442765,1000
0.04776001,1.6964195663136663,1000
0.010070801,1.6974281391830561,1000
-0.01763916,1.698436712052446,1000
0.005859375,1.6994452849218358,1000
-0.0038146973,1.7004538577912256,1000
-0.016021729,1.7014624306606154,1000
-0.029571533,1.7024710035300052,1000
0.0152282715,1.703479576399395,1000
0.017822266,1.704488149268785,1000
-0.0070495605,1.7054967221381747,1000
0.033935547,1.7065052950075645,1000
-0.011260986,1.7075138678769544,1000
-0.045715332,1.7085224407463442,1000
0.009674072,1.709531013615734,1000
0.026885986,1.7105395864851236,1000
0.008605957,1.7115481593545134,1000
-0.024780273,1.7125567322239033,1000
0.011199951,1.713565305093293,1000
0.019989014,1.714573877962683,1000
0.012145996,1.7155824508320727,1000
-0.04425049,1.7165910237014625,1000
0.019348145,1.7175995965708524,1000
0.012573242,1.7186081694402422,1000
-0.0023498535,1.719616742309632,1000
-0.0019226074,1.7206253151790218,1000
-0.07446289,1.7216338880484117,1000
-0.0025939941,1.7226424609178015,1000
-0.0068359375,1.7236510337871913,1000
0.037963867,1.7246596066565811,1000
0.04336548,1.725668179525971,1000
0.060760498,1.7266767523953608,1000
0.046936035,1.7276853252647506,1000
-0.024841309,1.7286938981341404,1000
-0.08816528,1.7297024710035303,1000
-0.048858643,1.73071104387292,1000
0.105773926,1.73171961674231,1000
0.00045776367,1.7327281896116997,1000
0.01260376,1.7337367624810893,1000
0.029754639,1.7347453353504791,1000
-0.01626587,1.735753908219869,1000
-0.06604004,1.7367624810892588,1000
-0.12295532,1.7377710539586486,1000
-0.05444336,1.7387796268280384,1000
0.11593628,1.7397881996974283,1000
0.115112305,1.740796772566818,1000
-0.018981934,1.741805345436208,1000
0.016845703,1.7428139183055977,1000
-0.04220581,1.7438224911749876,1000
-0.0675354,1.7448310640443774,1000
-0.032562256,1.7458396369137672,1000
-0.032165527,1.746848209783157,1000
0.05166626,1.7478567826525468,1000
0.0574646,1.7488653555219367,1000
-0.0043029785,1.7498739283913265,1000
0.009918213,1.7508825012607163,1000
-0.046569824,1.7518910741301061,1000
-0.0038452148,1.752899646999496,1000
0.024963379,1.7539082198688858,1000
0.035369873,1.7549167927382756,1000
0.016052246,1.7559253656076652,1000
-0.0021972656,1.756933938477055,1000
0.0152282715,1.7579425113464449,1000
-0.02230835,1.7589510842158347,1000
-0.025177002,1.7599596570852245,1000
-0.06600952,1.7609682299546143,1000
0.03152466,1.7619768028240042,1000
0.034454346,1.762985375693394,1000
0.00982666,1.7639939485627838,1000
-0.015930176,1.7650025214321736,1000
-9.1552734e-05,1.7660110943015634,1000
0.032836914,1.7670196671709533,1000
-0.03866577,1.768028240040343,1000
0.030731201,1.769036812909733,1000
0.056762695,1.7700453857791227,1000
-0.008911133,1.7710539586485126,1000
-0.054656982,1.7720625315179024,1000
-0.020843506,1.7730711043872922,1000
0.010101318,1.774079677256682,1000
-0.026672363,1.7750882501260719,1000
-0.02468872,1.7760968229954617,1000
0.021392822,1.7771053958648515,1000
0.07373047,1.7781139687342413,1000
-6.1035156e-05,1.779122541603631,1000
-0.03869629,1.7801311144730207,1000
-0.0067749023,1.7811396873424106,1000
-0.0013427734,1.7821482602118004,1000
-0.055847168,1.7831568330811902,1000
-0.021728516,1.78416540595058,1000
0.09579468,1.7851739788199699,1000
0.0519104,1.7861825516893597,1000
-0.047790527,1.7871911245587495,1000
-0.0519104,1.7881996974281393,1000
0.014343262,1.7892082702975292,1000
0.006713867,1.790216843166919,1000
-0.071136475,1.7912254160363088,1000
0.012542725,1.7922339889056986,1000
0.112976074,1.7932425617750885,1000
0.034698486,1.7942511346444783,1000
-0.070495605,1.795259707513868,1000
-0.041503906,1.796268280383258,1000
0.038116455,1.7972768532526477,1000
-0.032684326,1.7982854261220376,1000
-0.04751587,1.7992939989914274,1000
0.05709839,1.8003025718608172,1000
0.071136475,1.801311144730207,1000
-0.012329102,1.8023197175995966,1000
-0.06564331,1.8033282904689865,1000
-0.0028686523,1.8043368633383763,1000
0.014099121,1.805345436207766,1000
-0.058135986,1.806354009077156,1000
-0.009521484,1.8073625819465458,1000
0.09854126,1.8083711548159356,1000
0.05718994,1.8093797276853254,1000
-0.04244995,1.8103883005547152,1000
-0.055389404,1.811396873424105,1000
-0.00033569336,1.8124054462934949,1000
-0.017456055,1.8134140191628847,1000
-0.031799316,1.8144225920322745,1000
0.058624268,1.8154311649016643,1000
0.092926025,1.8164397377710542,1000
-0.023101807,1.817448310640444,1000
-0.067596436,1.8184568835098338,1000
-0.018127441,1.8194654563792236,1000
-0.035858154,1.8204740292486135,1000
-0.025512695,1.8214826021180033,1000
0.04763794,1.822491174987393,1000
0.08581543,1.823499747856783,1000
0.019470215,1.8245083207261727,1000
-0.052642822,1.8255168935955624,1000
-0.025817871,1.8265254664649522,1000
-0.018829346,1.827534039334342,1000
-0.03744507,1.8285426122037318,1000
0.030395508,1.8295511850731216,1000
0.08062744,1.8305597579425115,1000
0.055541992,1.8315683308119013,1000
-0.03933716,1.8325769036812911,1000
-0.03289795,1.833585476550681,1000
-0.026245117,1.8345940494200708,1000
-0.06188965,1.8356026222894606,1000
0.010131836,1.8366111951588504,1000
0.0692749,1.8376197680282402,1000
0.06466675,1.83862834089763,1000
-0.035308838,1.8396369137670199,1000
-0.05178833,1.8406454866364097,1000
-0.029083252,1.8416540595057995,1000
-0.038391113,1.8426626323751893,1000
-0.00061035156,1.8436712052445792,1000
0.050323486,1.844679778113969,1000
0.07058716,1.8456883509833588,1000
-0.006439209,1.8466969238527486,1000
-0.043792725,1.8477054967221382,1000
-0.0368042,1.848714069591528,1000
-0.027648926,1.8497226424609179,1000
0.006011963,1.8507312153303077,1000
0.029541016,1.8517397881996975,1000
0.08175659,1.8527483610690874,1000
0.013763428,1.8537569339384772,1000
-0.05126953,1.854765506807867,1000
-0.056549072,1.8557740796772568,1000
-0.017059326,1.8567826525466467,1000
0.02798462,1.8577912254160365,1000
0.035186768,1.8587997982854263,1000
0.071746826,1.8598083711548161,1000
0.0069274902,1.860816944024206,1000
-0.055419922,1.8618255168935958,1000
-0.06951904,1.8628340897629856,1000
-0.0446167,1.8638426626323754,1000
0.007537842,1.8648512355017652,1000
0.042816162,1.865859808371155,1000
0.06021118,1.8668683812405449,1000
0.016113281,1.8678769541099347,1000
-0.025604248,1.8688855269793245,1000
-0.08328247,1.8698940998487144,1000
-0.018005371,1.870902672718104,1000
0.038238525,1.8719112455874938,1000
0.04458618,1.8729198184568836,1000
0.071777344,1.8739283913262734,1000
0.02053833,1.8749369641956632,1000
-0.014251709,1.875945537065053,1000
-0.07809448,1.876954109934443,1000
-0.044311523,1.8779626828038327,1000
0.0032348633,1.8789712556732225,1000
0.04473877,1.8799798285426124,1000
0.06842041,1.8809884014120022,1000
0.026977539,1.881996974281392,1000
-0.030059814,1.8830055471507818,1000
-0.07400513,1.8840141200201717,1000
-0.019592285,1.8850226928895615,1000
-0.045928955,1.8860312657589513,1000
0.017669678,1.8870398386283411,1000
0.08413696,1.888048411497731,1000
0.06594849,1.8890569843671208,1000
-0.0063476562,1.8900655572365106,1000
-0.09603882,1.8910741301059004,1000
-0.00894165,1.8920827029752902,1000
-0.039733887,1.89309127584468,1000
-0.041625977,1.8940998487140697,1000
0.07608032,1.8951084215834595,1000
0.105529785,1.8961169944528493,1000
0.017974854,1.8971255673222391,1000
-0.10739136,1.898134140191629,1000
-0.0068969727,1.8991427130610188,1000
0.017181396,1.9001512859304086,1000
-0.10458374,1.9011598587997984,1000
-0.003692627,1.9021684316691883,1000
0.16720581,1.903177004538578,1000
0.09362793,1.904185577407968,1000
-0.12835693,1.9051941502773577,1000
-0.06625366,1.9062027231467475,1000
0.035064697,1.9072112960161374,1000
-0.02859497,1.9082198688855272,1000
-0.13269043,1.909228441754917,1000
0.08441162,1.9102370146243068,1000
0.2368164,1.9112455874936967,1000
-0.02545166,1.9122541603630865,1000
-0.11663818,1.9132627332324763,1000
-0.0036621094,1.9142713061018661,1000
0.027709961,1.915279878971256,1000
-0.06774902,1.9162884518406458,1000
-0.08999634,1.9172970247100354,1000
0.12649536,1.9183055975794252,1000
0.17962646,1.919314170448815,1000
-0.08584595,1.9203227433182049,1000
-0.10131836,1.9213313161875947,1000
0.022979736,1.9223398890569845,1000
-0.027069092,1.9233484619263743,1000
-0.09890747,1.9243570347957641,1000
-0.02130127,1.925365607665154,1000
0.091156006,1.9263741805345438,1000
0.08453369,1.9273827534039336,1000
-0.038146973,1.9283913262733234,1000
-0.042388916,1.9293998991427133,1000
0.033325195,1.930408472012103,1000
-0.025238037,1.931417044881493,1000
-0.04006958,1.9324256177508827,1000
0.006866455,1.9334341906202726,1000
0.030334473,1.9344427634896624,1000
0.058807373,1.9354513363590522,1000
-0.032073975,1.936459909228442,1000
-0.047973633,1.9374684820978318,1000
0.05532837,1.9384770549672217,1000
0.053131104,1.9394856278366113,1000
-0.0340271,1.940494200706001,1000
0.008087158,1.941502773575391,1000
-0.009094238,1.9425113464447807,1000
0.013946533,1.9435199193141706,1000
-0.025360107,1.9445284921835604,1000
-0.04498291,1.9455370650529502,1000
0.014221191,1.94654563792234,1000
0.032714844,1.9475542107917299,1000
-0.014221191,1.9485627836611197,1000
-0.013763428,1.9495713565305095,1000
-0.004547119,1.9505799293998993,1000
0.024719238,1.9515885022692891,1000
6.1035156e-05,1.952597075138679,1000
-0.034606934,1.9536056480080688,1000
0.007446289,1.9546142208774586,1000
0.041229248,1.9556227937468484,1000
-0.018188477,1.9566313666162383,1000
-0.011413574,1.957639939485628,1000
-0.0012512207,1.958648512355018,1000
0.0362854,1.9596570852244077,1000
-0.010925293,1.9606656580937976,1000
-0.03866577,1.9616742309631874,1000
0.0101623535,1.962682803832577,1000
0.014038086,1.9636913767019668,1000
-0.0031433105,1.9646999495713566,1000
0.006439209,1.9657085224407465,1000
0.009765625,1.9667170953101363,1000
-0.012268066,1.967725668179526,1000
-0.013214111,1.968734241048916,1000
-0.0015563965,1.9697428139183057,1000
0.0005187988,1.9707513867876956,1000
-0.0031433105,1.9717599596570854,1000
0.01776123,1.9727685325264752,1000
0.04046631,1.973777105395865,1000
0.003540039,1.9747856782652549,1000
-0.040008545,1.9757942511346447,1000
-0.006591797,1.9768028240040345,1000
0.0009765625,1.9778113968734243,1000
0.01361084,1.9788199697428142,1000
-0.016967773,1.979828542612204,1000
-0.0049743652,1.9808371154815938,1000
0.017456055,1.9818456883509836,1000
0.026397705,1.9828542612203734,1000
-0.019134521,1.9838628340897633,1000
-0.019134521,1.984871406959153,1000
-0.0019226074,1.9858799798285427,1000
-0.0134887695,1.9868885526979325,1000
-0.030517578,1.9878971255673223,1000
-0.0057678223,1.9889056984367122,1000
0.012969971,1.989914271306102,1000
0.010681152,1.9909228441754918,1000
0.0056152344,1.9919314170448816,1000
0.013519287,1.9929399899142715,1000
0.023101807,1.9939485627836613,1000
-0.013336182,1.994957135653051,1000
-0.01727295,1.995965708522441,1000
0.011779785,1.9969742813918308,1000
0.020965576,1.9979828542612206,1000
0.008178711,1.9989914271306104,1000
-0.011444092,2.0,1000
